{
  "memoryId": "MICRON_2Gb_LPDDR2-1066-S4_16bit_A",
  "memoryType": "LPDDR2",
  "memarchitecturespec": {
    "width": 16,
    "nbrOfBanks": 8,
    "nbrOfRanks": 1,
    "nbrOfColumns": 1024,
    "nbrOfRows": 16384,
    "dataRate": 2,
    "burstLength": 8
  },
  "memtimingspec": {
    "clkMhz": 533,
    "REFI": 2080,
    "RFC": 70,
    "RL": 8,
    "WL": 4,
    "CL": 8,
    "AL": 0,
    "RP": 10,
    "RAS": 23,
    "RCD": 10,
    "RC": 32,
    "FAW": 27,
    "RRD": 6,
    "RTP": 4,
    "WR": 10,
    "CCD": 4,
    "WTR": 4,
    "DQSCK": 2,
    "XP": 4,
    "XPDLL": 4,
    "XS": 75,
    "XSDLL": 75,
    "CKE": 3,
    "CKESR": 8
  },
  "mempowerspec": {
    "idd01": 20.0,
    "idd02": 71.0,
    "idd2p0": 0.5,
    "idd2p02": 1.7,
    "idd2p1": 0.5,
    "idd2p12": 1.7,
    "idd2n1": 1.7,
    "idd2n2": 22.0,
    "idd3p0": 1.2,
    "idd3p02": 4.12,
    "idd3p1": 1.2,
    "idd3p12": 4.12,
    "idd3n1": 1.2,
    "idd3n2": 30.0,
    "idd4r": 5.0,
    "idd4r2": 226.0,
    "idd4w": 10.0,
    "idd4w2": 208.0,
    "idd51": 15.0,
    "idd52": 136.0,
    "idd61": 1.2,
    "idd62": 2.6,
    "vdd1": 1.8,
    "vdd2": 1.2,
    "capacitance": 0.0000000025,
    "ioPower": 0.0,
    "wrOdtPower": 0.0,
    "termRdPower": 0.0,
    "termWrPower": 0.0
  }
}