{
  "memoryId": "MICRON_1Gb_DDR3-1066_8bit_G_3s",
  "memoryType": "DDR3",
  "memarchitecturespec": {
    "width": 8,
    "nbrOfBanks": 8,
    "nbrOfRanks": 1,
    "nbrOfColumns": 1024,
    "nbrOfRows": 16384,
    "dataRate": 2,
    "burstLength": 8
  },
  "memtimingspec": {
    "clkMhz": 533,
    "RC": 27,
    "RCD": 7,
    "RL": 7,
    "RP": 7,
    "RFC": 59,
    "RAS": 20,
    "WL": 6,
    "AL": 0,
    "DQSCK": 0,
    "RTP": 4,
    "WR": 8,
    "XP": 4,
    "XPDLL": 13,
    "XS": 64,
    "XSDLL": 512,
    "REFI": 4160,
    "CL": 7,
    "FAW": 20,
    "RRD": 4,
    "CCD": 4,
    "WTR": 4,
    "CKE": 3,
    "CKESR": 4
  },
  "mempowerspec": {
    "idd01": 57.45,
    "idd2p0": 10.04,
    "idd2p1": 20.93,
    "idd2n1": 32.3,
    "idd3p0": 27.33,
    "idd3p1": 27.33,
    "idd3n1": 36.45,
    "idd4w": 104.67,
    "idd4r": 99.59,
    "idd51": 153.76,
    "idd61": 6.68,
    "vdd1": 1.5,
    "capacitance": 0.0,
    "ioPower": 4.6,
    "wrOdtPower": 21.2,
    "termRdPower": 15.5,
    "termWrPower": 15.4
  }
}