{
  "memoryId": "MICRON_2Gb_DDR3-1066_8bit_D",
  "memoryType": "DDR3",
  "memarchitecturespec": {
    "width": 8,
    "nbrOfBanks": 8,
    "nbrOfRanks": 1,
    "nbrOfColumns": 1024,
    "nbrOfRows": 32768,
    "dataRate": 2,
    "burstLength": 8
  },
  "memtimingspec": {
    "clkMhz": 533,
    "RC": 27,
    "RCD": 7,
    "RL": 7,
    "RP": 7,
    "RFC": 86,
    "RAS": 20,
    "WL": 6,
    "AL": 0,
    "DQSCK": 0,
    "RTP": 4,
    "WR": 8,
    "XP": 4,
    "XPDLL": 13,
    "XS": 92,
    "XSDLL": 512,
    "REFI": 4160,
    "CL": 7,
    "FAW": 20,
    "RRD": 4,
    "CCD": 4,
    "WTR": 4,
    "CKE": 3,
    "CKESR": 4
  },
  "mempowerspec": {
    "idd01": 75.0,
    "idd2p0": 12.0,
    "idd2p1": 25.0,
    "idd2n1": 32.0,
    "idd3p0": 30.0,
    "idd3p1": 30.0,
    "idd3n1": 35.0,
    "idd4w": 145.0,
    "idd4r": 140.0,
    "idd51": 190.0,
    "idd61": 12.0,
    "vdd1": 1.5,
    "capacitance": 0.0,
    "ioPower": 4.6,
    "wrOdtPower": 21.2,
    "termRdPower": 15.5,
    "termWrPower": 15.4
  }
}