{
  "memoryId": "MICRON_4Gb_DDR4-1866_8bit_A",
  "memoryType": "DDR4",
  "memarchitecturespec": {
    "width": 8,
    "nbrOfBankGroups": 4,
    "nbrOfBanks": 16,
    "nbrOfRanks": 1,
    "nbrOfColumns": 1024,
    "nbrOfRows": 32768,
    "dataRate": 2,
    "burstLength": 8
  },
  "memtimingspec": {
    "clkMhz": 933,
    "REFI": 3644,
    "RFC": 243,
    "RL": 13,
    "WL": 12,
    "CL": 13,
    "AL": 0,
    "RP": 13,
    "RAS": 32,
    "RCD": 13,
    "RC": 45,
    "FAW": 22,
    "RTP": 8,
    "WR": 14,
    "RRD_S": 4,
    "RRD_L": 5,
    "CCD_S": 4,
    "CCD_L": 5,
    "WTR_S": 3,
    "WTR_L": 7,
    "DQSCK": 2,
    "XP": 8,
    "XPDLL": 255,
    "XS": 252,
    "XSDLL": 512,
    "CKE": 6,
    "CKESR": 7
  },
  "mempowerspec": {
    "idd01": 56.25,
    "idd02": 4.05,
    "idd2p0": 17.0,
    "idd2p1": 17.0,
    "idd2n1": 33.75,
    "idd3p0": 22.5,
    "idd3p1": 22.5,
    "idd3n1": 39.5,
    "idd4r": 157.5,
    "idd4w": 135.0,
    "idd51": 118.0,
    "idd61": 20.25,
    "idd62": 2.6,
    "vdd1": 1.2,
    "vdd2": 2.5,
    "capacitance": 0.0,
    "ioPower": 3.7,
    "wrOdtPower": 17.0,
    "termRdPower": 12.4,
    "termWrPower": 12.3
  }
}