{
  "memoryId": "MICRON_2Gb_DDR3-1600_16bit_D_2s",
  "memoryType": "DDR3",
  "memarchitecturespec": {
    "width": 16,
    "nbrOfBanks": 8,
    "nbrOfRanks": 1,
    "nbrOfColumns": 1024,
    "nbrOfRows": 16384,
    "dataRate": 2,
    "burstLength": 8
    
  },
  "memtimingspec": {
    "clkMhz": 800,
    "RC": 38,
    "RCD": 10,
    "RL": 10,
    "RP": 10,
    "RFC": 128,
    "RAS": 28,
    "WL": 8,
    "AL": 0,
    "DQSCK": 0,
    "RTP": 6,
    "WR": 12,
    "XP": 5,
    "XPDLL": 20,
    "XS": 136,
    "XSDLL": 512,
    "REFI": 4160,
    "CL": 10,
    "FAW": 32,
    "RRD": 6,
    "CCD": 4,
    "WTR": 6,
    "CKE": 3,
    "CKESR": 4
  },
  "mempowerspec": {
    "idd01": 102.83,
    "idd2p0": 8.77,
    "idd2p1": 29.25,
    "idd2n1": 36.89,
    "idd3p0": 38.75,
    "idd3p1": 38.75,
    "idd3n1": 38.75,
    "idd4w": 260.04,
    "idd4r": 247.34,
    "idd51": 202.17,
    "idd61": 8.67,
    "vdd1": 1.5,
    "capacitance": 0.0,
    "ioPower": 4.6,
    "wrOdtPower": 21.2,
    "termRdPower": 15.5,
    "termWrPower": 15.4
  }
}