{
  "memoryId": "MICRON_1Gb_DDR3-1600_8bit_G_2s",
  "memoryType": "DDR3",
  "memarchitecturespec": {
    "width": 8,
    "nbrOfBanks": 8,
    "nbrOfRanks": 1,
    "nbrOfColumns": 1024,
    "nbrOfRows": 16384,
    "dataRate": 2,
    "burstLength": 8 
  },
  "memtimingspec": {
    "clkMhz": 800,
    "RC": 38,
    "RCD": 10,
    "RL": 10,
    "RP": 10,
    "RFC": 88,
    "RAS": 28,
    "WL": 8,
    "AL": 0,
    "DQSCK": 0,
    "RTP": 6,
    "WR": 12,
    "XP": 6,
    "XPDLL": 20,
    "XS": 96,
    "XSDLL": 512,
    "REFI": 6240,
    "CL": 10,
    "FAW": 24,
    "RRD": 5,
    "CCD": 4,
    "WTR": 6,
    "CKE": 3,
    "CKESR": 4
  },
  "mempowerspec": {
    "idd01": 65.19,
    "idd2p0": 9.07,
    "idd2p1": 22.68,
    "idd2n1": 40.0,
    "idd3p0": 31.16,
    "idd3p1": 31.16,
    "idd3n1": 40.07,
    "idd4w": 130.17,
    "idd4r": 127.49,
    "idd51": 159.28,
    "idd61": 6.02,
    "vdd1": 1.5,
    "capacitance": 0.0,
    "ioPower": 4.6,
    "wrOdtPower": 21.2,
    "termRdPower": 15.5,
    "termWrPower": 15.4
  }
}