{
  "memoryId": "MICRON_2GB_DDR3-1333_64bit_D_SODIMM",
  "memoryType": "DDR3",
  "memarchitecturespec": {
    "width": 64,
    "nbrOfBanks": 8,
    "nbrOfRanks": 2,
    "nbrOfColumns": 1024,
    "nbrOfRows": 16384,
    "dataRate": 2,
    "burstLength": 8
  },
  "memtimingspec": {
    "clkMhz": 666,
    "RC": 33,
    "RCD": 9,
    "RL": 9,
    "RP": 9,
    "RFC": 74,
    "RAS": 24,
    "WL": 7,
    "AL": 0,
    "DQSCK": 0,
    "RTP": 5,
    "WR": 10,
    "XP": 4,
    "XPDLL": 16,
    "XS": 80,
    "XSDLL": 512,
    "REFI": 5200,
    "CL": 9,
    "FAW": 20,
    "RRD": 4,
    "CCD": 4,
    "WTR": 5,
    "CKE": 4,
    "CKESR": 5
  },
  "mempowerspec": {
    "idd01": 800.0,
    "idd2p0": 80.0,
    "idd2p1": 200.0,
    "idd2n1": 440.0,
    "idd3p0": 280.0,
    "idd3p1": 280.0,
    "idd3n1": 480.0,
    "idd4w": 1520.0,
    "idd4r": 1440.0,
    "idd51": 1920.0,
    "idd61": 48.0,
    "vdd1": 1.5,
    "capacitance": 0.0,
    "ioPower": 4.6,
    "wrOdtPower": 21.2,
    "termRdPower": 15.5,
    "termWrPower": 15.4
  }
}