{
  "memoryId": "MICRON_2Gb_DDR3-1066_8bit_D_mu",
  "memoryType": "DDR3",
  "memarchitecturespec": {
    "width": 8,
    "nbrOfBanks": 8,
    "nbrOfRanks": 1,
    "nbrOfColumns": 1024,
    "nbrOfRows": 32768,
    "dataRate": 2,
    "burstLength": 8
  },
  "memtimingspec": {
    "clkMhz": 533,
    "RC": 27,
    "RCD": 7,
    "RL": 7,
    "RP": 7,
    "RFC": 86,
    "RAS": 20,
    "WL": 6,
    "AL": 0,
    "DQSCK": 0,
    "RTP": 4,
    "WR": 8,
    "XP": 4,
    "XPDLL": 13,
    "XS": 92,
    "XSDLL": 512,
    "REFI": 4160,
    "CL": 7,
    "FAW": 20,
    "RRD": 4,
    "CCD": 4,
    "WTR": 4,
    "CKE": 3,
    "CKESR": 4
  },
  "mempowerspec": {
    "idd01": 66.8,
    "idd2p0": 6.63,
    "idd2p1": 13.82,
    "idd2n1": 24.54,
    "idd3p0": 23.71,
    "idd3p1": 23.71,
    "idd3n1": 27.67,
    "idd4w": 122.38,
    "idd4r": 120.13,
    "idd51": 170.93,
    "idd61": 6.01,
    "vdd1": 1.5,
    "capacitance": 0.0,
    "ioPower": 4.6,
    "wrOdtPower": 21.2,
    "termRdPower": 15.5,
    "termWrPower": 15.4
  }
}