{
  "memoryId": "MICRON_2GB_DDR3-1066_64bit_D_SODIMM",
  "memoryType": "DDR3",
  "memarchitecturespec": {
    "width": 64,
    "nbrOfBanks": 8,
    "nbrOfRanks": 2,
    "nbrOfColumns": 1024,
    "nbrOfRows": 16384,
    "dataRate": 2,
    "burstLength": 8 
  },
  "memtimingspec": {
    "clkMhz": 533,
    "RC": 27,
    "RCD": 7,
    "RL": 7,
    "RP": 7,
    "RFC": 59,
    "RAS": 20,
    "WL": 6,
    "AL": 0,
    "DQSCK": 0,
    "RTP": 4,
    "WR": 8,
    "XP": 4,
    "XPDLL": 13,
    "XS": 64,
    "XSDLL": 512,
    "REFI": 4160,
    "CL": 7,
    "FAW": 20,
    "RRD": 4,
    "CCD": 4,
    "WTR": 4,
    "CKE": 3,
    "CKESR": 4
  },
  "mempowerspec": {
    "idd01": 720.0,
    "idd2p0": 80.0,
    "idd2p1": 200.0,
    "idd2n1": 400.0,
    "idd3p0": 240.0,
    "idd3p1": 240.0,
    "idd3n1": 440.0,
    "idd4w": 1200.0,
    "idd4r": 1200.0,
    "idd51": 1760.0,
    "idd61": 48.0,
    "vdd1": 1.5,
    "capacitance": 0.0,
    "ioPower": 4.6,
    "wrOdtPower": 21.2,
    "termRdPower": 15.5,
    "termWrPower": 15.4
  }
}