{
  "memoryId": "MICRON_1Gb_DDR2-800_16bit_H",
  "memoryType": "DDR2",
  "memarchitecturespec": {
    "width": 16,
    "nbrOfBanks": 8,
    "nbrOfRanks": 1,
    "nbrOfColumns": 1024,
    "nbrOfRows": 8192,
    "dataRate": 2,
    "burstLength": 8
  },
  "memtimingspec": {
    "clkMhz": 400,
    "REFI": 3120,
    "RFC": 51,
    "CL": 5,
    "FAW": 18,
    "RRD": 4,
    "CCD": 2,
    "WTR": 3,
    "CKE": 3,
    "CKESR": 4,
    "RC": 23,
    "RCD": 5,
    "RL": 5,
    "RP": 5,
    "RAS": 16,
    "WL": 4,
    "AL": 0,
    "DQSCK": 0,
    "RTP": 3,
    "WR": 6,
    "XP": 2,
    "XPDLL": 8,
    "XS": 55,
    "XSDLL": 200
  },
  "mempowerspec": {
    "idd01": 80.0,
    "idd2p0": 7.0,
    "idd2p1": 7.0,
    "idd2n1": 30.0,
    "idd3p0": 10.0,
    "idd3p1": 20.0,
    "idd3n1": 35.0,
    "idd4r": 150.0,
    "idd4w": 160.0,
    "idd51": 150.0,
    "idd61": 7.0,
    "vdd1": 1.8,
    "capacitance": 0.0,
    "ioPower": 1.5,
    "wrOdtPower": 8.2,
    "termRdPower": 13.1,
    "termWrPower": 14.6
  }
}