{
  "memoryId": "MICRON_1Gb_DDR2-1066_16bit_H",
  "memoryType": "DDR2",
  "memarchitecturespec": {
    "width": 16,
    "nbrOfBanks": 8,
    "nbrOfRanks": 1,
    "nbrOfColumns": 1024,
    "nbrOfRows": 8192,
    "dataRate": 2,
    "burstLength": 8
  },
  "memtimingspec": {
    "clkMhz": 533,
    "REFI": 3120,
    "RFC": 68,
    "CL": 7,
    "FAW": 24,
    "RRD": 6,
    "CCD": 2,
    "WTR": 4,
    "CKE": 3,
    "CKESR": 4,
    "RC": 31,
    "RCD": 7,
    "RL": 7,
    "RP": 7,
    "RAS": 24,
    "WL": 6,
    "AL": 0,
    "DQSCK": 0,
    "RTP": 4,
    "WR": 8,
    "XP": 3,
    "XPDLL": 10,
    "XS": 74,
    "XSDLL": 200
  },
  "mempowerspec": {
    "idd01": 90.0,
    "idd2p0": 7.0,
    "idd2p1": 7.0,
    "idd2n1": 36.0,
    "idd3p0": 10.0,
    "idd3p1": 23.0,
    "idd3n1": 42.0,
    "idd4w": 185.0,
    "idd4r": 180.0,
    "idd51": 160.0,
    "idd61": 7.0,
    "vdd1": 1.8,
    "capacitance": 0.0,
    "ioPower": 1.5,
    "wrOdtPower": 8.2,
    "termRdPower": 13.1,
    "termWrPower": 14.6
  }
}