{
  "memoryId": "MICRON_2Gb_LPDDR-266_16bit_A",
  "memoryType": "LPDDR",
  "memarchitecturespec": {
    "width": 16,
    "nbrOfBanks": 4,
    "nbrOfRanks": 1,
    "nbrOfColumns": 2048,
    "nbrOfRows": 16384,
    "dataRate": 2,
    "burstLength": 8
  },
  "memtimingspec": {
    "clkMhz": 133,
    "REFI": 2080,
    "RFC": 10,
    "RL": 3,
    "WL": 3,
    "CL": 3,
    "AL": 0,
    "RP": 3,
    "RAS": 6,
    "RCD": 3,
    "RC": 9,
    "RRD": 2,
    "RTP": 3,
    "WR": 2,
    "CCD": 2,
    "WTR": 1,
    "DQSCK": 1,
    "XP": 1,
    "XPDLL": 1,
    "XS": 15,
    "XSDLL": 15,
    "CKE": 1,
    "CKESR": 2
  },
  "mempowerspec": {
    "idd01": 70.0,
    "idd2p0": 0.6,
    "idd2p1": 0.6,
    "idd2n1": 12.0,
    "idd3p0": 3.6,
    "idd3p1": 3.6,
    "idd3n1": 16.0,
    "idd4r": 105.0,
    "idd4w": 105.0,
    "idd51": 170.0,
    "idd61": 1.7,
    "vdd1": 1.8,
    "capacitance": 0.0000000045,
    "ioPower": 0.0,
    "wrOdtPower": 0.0,
    "termRdPower": 0.0,
    "termWrPower": 0.0
  }
}