{
  "memoryId": "MICRON_1Gb_DDR3-1066_16bit_G_mu",
  "memoryType": "DDR3",
  "memarchitecturespec": {
    "width": 16,
    "nbrOfBanks": 8,
    "nbrOfRanks": 1,
    "nbrOfColumns": 1024,
    "nbrOfRows": 8192,
    "dataRate": 2,
    "burstLength": 8
  },
  "memtimingspec": {
    "clkMhz": 533,
    "RC": 27,
    "RCD": 7,
    "RL": 7,
    "RP": 7,
    "RFC": 59,
    "RAS": 20,
    "WL": 6,
    "AL": 0,
    "DQSCK": 0,
    "RTP": 4,
    "WR": 8,
    "XP": 4,
    "XPDLL": 13,
    "XS": 64,
    "XSDLL": 512,
    "REFI": 4160,
    "CL": 7,
    "FAW": 27,
    "RRD": 6,
    "CCD": 4,
    "WTR": 4,
    "CKE": 3,
    "CKESR": 4
  },
  "mempowerspec": {
    "idd01": 67.04,
    "idd2p0": 7.12,
    "idd2p1": 14.83,
    "idd2n1": 28.25,
    "idd3p0": 23.34,
    "idd3p1": 23.34,
    "idd3n1": 35.01,
    "idd4w": 137.19,
    "idd4r": 120.98,
    "idd51": 144.41,
    "idd61": 4.7,
    "vdd1": 1.5,
    "capacitance": 0.0,
    "ioPower": 4.6,
    "wrOdtPower": 21.2,
    "termRdPower": 15.5,
    "termWrPower": 15.4
  }
}