{
  "memoryId": "MICRON_2Gb_LPDDR2-800-S4_16bit_A",
  "memoryType": "LPDDR2",
  "memarchitecturespec": {
    "width": 16,
    "nbrOfBanks": 8,
    "nbrOfRanks": 1,
    "nbrOfColumns": 1024,
    "nbrOfRows": 16384,
    "dataRate": 2,
    "burstLength": 8
  },
  "memtimingspec": {
    "clkMhz": 400,
    "REFI": 1560,
    "RFC": 52,
    "RL": 6,
    "WL": 3,
    "CL": 6,
    "AL": 0,
    "RP": 8,
    "RAS": 17,
    "RCD": 8,
    "RC": 24,
    "FAW": 20,
    "RRD": 4,
    "RTP": 3,
    "WR": 6,
    "CCD": 4,
    "WTR": 3,
    "DQSCK": 1,
    "XP": 3,
    "XPDLL": 3,
    "XS": 56,
    "XSDLL": 56,
    "CKE": 3,
    "CKESR": 6
  },
  "mempowerspec": {
    "idd01": 20.0,
    "idd02": 56.0,
    "idd2p0": 0.5,
    "idd2p02": 1.7,
    "idd2p1": 0.5,
    "idd2p12": 1.7,
    "idd2n1": 1.7,
    "idd2n2": 21.0,
    "idd3p0": 1.2,
    "idd3p02": 4.12,
    "idd3p1": 1.2,
    "idd3p12": 4.12,
    "idd3n1": 1.2,
    "idd3n2": 29.0,
    "idd4r": 5.0,
    "idd4r2": 216.0,
    "idd4w": 10.0,
    "idd4w2": 203.0,
    "idd51": 15.0,
    "idd52": 136.0,
    "idd61": 1.2,
    "idd62": 2.6,
    "vdd1": 1.8,
    "vdd2": 1.2,
    "capacitance": 0.0000000025,
    "ioPower": 0.0,
    "wrOdtPower": 0.0,
    "termRdPower": 0.0,
    "termWrPower": 0.0
  }
}