{
  "memoryId": "MICRON_2GB_DDR3-1600_64bit_G_UDIMM",
  "memoryType": "DDR3",
  "memarchitecturespec": {
    "width": 64,
    "nbrOfBanks": 8,
    "nbrOfRanks": 2,
    "nbrOfColumns": 1024,
    "nbrOfRows": 16384,
    "dataRate": 2,
    "burstLength": 8
  },
  "memtimingspec": {
    "clkMhz": 800,
    "RC": 38,
    "RCD": 10,
    "RL": 10,
    "RP": 10,
    "RFC": 88,
    "RAS": 28,
    "WL": 8,
    "AL": 0,
    "DQSCK": 0,
    "RTP": 6,
    "WR": 12,
    "XP": 5,
    "XPDLL": 20,
    "XS": 96,
    "XSDLL": 512,
    "REFI": 4160,
    "CL": 10,
    "FAW": 32,
    "RRD": 6,
    "CCD": 4,
    "WTR": 6,
    "CKE": 5,
    "CKESR": 5
  },
  "mempowerspec": {
    "idd01": 522.0,
    "idd2p0": 108.0,
    "idd2p1": 270.0,
    "idd2n1": 405.0,
    "idd3p0": 315.0,
    "idd3p1": 315.0,
    "idd3n1": 405.0,
    "idd4w": 1152.0,
    "idd4r": 1197.0,
    "idd51": 1422.0,
    "idd61": 90.0,
    "vdd1": 1.5,
    "capacitance": 0.0,
    "ioPower": 4.6,
    "wrOdtPower": 21.2,
    "termRdPower": 15.5,
    "termWrPower": 15.4
  }
}