{
  "memoryId": "MICRON_4Gb_DDR4-2400_8bit_A",
  "memoryType": "DDR4",
  "memarchitecturespec": {
    "width": 8,
    "nbrOfBankGroups": 4,
    "nbrOfBanks": 16,
    "nbrOfRanks": 1,
    "nbrOfColumns": 1024,
    "nbrOfRows": 32768,
    "dataRate": 2,
    "burstLength": 8
  },
  "memtimingspec": {
    "clkMhz": 1200,
    "REFI": 4680,
    "RFC": 313,
    "RL": 16,
    "WL": 16,
    "CL": 16,
    "AL": 0,
    "RP": 16,
    "RAS": 39,
    "RCD": 16,
    "RC": 55,
    "FAW": 26,
    "RTP": 12,
    "WR": 18,
    "RRD_S": 4,
    "RRD_L": 6,
    "CCD_S": 4,
    "CCD_L": 6,
    "WTR_S": 3,
    "WTR_L": 9,
    "DQSCK": 2,
    "XP": 8,
    "XPDLL": 325,
    "XS": 324,
    "XSDLL": 512,
    "CKE": 6,
    "CKESR": 7
  },
  "mempowerspec": {
    "idd01": 60.75,
    "idd02": 4.05,
    "idd2p0": 17.0,
    "idd2p1": 17.0,
    "idd2n1": 38.25,
    "idd3p0": 22.5,
    "idd3p1": 22.5,
    "idd3n1": 44.0,
    "idd4r": 184.5,
    "idd4w": 168.75,
    "idd51": 118.0,
    "idd61": 20.25,
    "idd62": 2.6,
    "vdd1": 1.2,
    "vdd2": 2.5,
    "capacitance": 0.0,
    "ioPower": 3.7,
    "wrOdtPower": 17.0,
    "termRdPower": 12.4,
    "termWrPower": 12.3
  }
}