{
  "memoryId": "MICRON_4Gb_LPDDR3-1600_32bit_A",
  "memoryType": "LPDDR3",
  "memarchitecturespec": {
    "width": 32,
    "nbrOfBanks": 8,
    "nbrOfRanks": 1,
    "nbrOfColumns": 1024,
    "nbrOfRows": 16384,
    "dataRate": 2,
    "burstLength": 8
  },
  "memtimingspec": {
    "clkMhz": 800,
    "REFI": 3120,
    "RFC": 104,
    "RL": 12,
    "WL": 9,
    "CL": 12,
    "AL": 0,
    "RP": 15,
    "RAS": 36,
    "RCD": 15,
    "RC": 48,
    "FAW": 40,
    "RRD": 8,
    "RTP": 8,
    "WR": 12,
    "CCD": 4,
    "WTR": 8,
    "DQSCK": 2,
    "XP": 6,
    "XPDLL": 6,
    "XS": 112,
    "XSDLL": 112,
    "CKE": 6,
    "CKESR": 12
  },
  "mempowerspec": {
    "idd01": 15.0,
    "idd02": 80.0,
    "idd2p0": 0.6,
    "idd2p02": 0.87,
    "idd2p1": 0.6,
    "idd2p12": 0.87,
    "idd2n1": 2.0,
    "idd2n2": 38.0,
    "idd3p0": 1.2,
    "idd3p02": 8.15,
    "idd3p1": 1.2,
    "idd3p12": 8.15,
    "idd3n1": 2.0,
    "idd3n2": 45.0,
    "idd4r": 5.0,
    "idd4r2": 260.0,
    "idd4w": 10.0,
    "idd4w2": 284.0,
    "idd51": 40.0,
    "idd52": 160.0,
    "idd61": 1.0,
    "idd62": 3.27,
    "vdd1": 1.8,
    "vdd2": 1.2,
    "capacitance": 0.0000000018,
    "ioPower": 0.0,
    "wrOdtPower": 0.0,
    "termRdPower": 0.0,
    "termWrPower": 0.0
  }
}