{
  "memoryId": "MICRON_1Gb_DDR3-1600_8bit_G_3s",
  "memoryType": "DDR3",
  "memarchitecturespec": {
    "width": 8,
    "nbrOfBanks": 8,
    "nbrOfRanks": 1,
    "nbrOfColumns": 1024,
    "nbrOfRows": 16384,
    "dataRate": 2,
    "burstLength": 8
  },
  "memtimingspec": {
    "clkMhz": 800,
    "RC": 38,
    "RCD": 10,
    "RL": 10,
    "RP": 10,
    "RFC": 88,
    "REFB": 38,
    "RAS": 28,
    "WL": 8,
    "AL": 0,
    "DQSCK": 0,
    "RTP": 6,
    "WR": 12,
    "XP": 6,
    "XPDLL": 20,
    "XS": 96,
    "XSDLL": 512,
    "REFI": 6240,
    "CL": 10,
    "FAW": 24,
    "RRD": 5,
    "CCD": 4,
    "WTR": 6,
    "CKE": 3,
    "CKESR": 4
  },
  "mempowerspec": {
    "idd01": 66.79,
    "idd2p0": 10.04,
    "idd2p1": 25.12,
    "idd2n1": 41.67,
    "idd3p0": 32.44,
    "idd3p1": 32.44,
    "idd3n1": 41.71,
    "idd4w": 135.11,
    "idd4r": 131.66,
    "idd51": 162.85,
    "idd5B": 25.08,
    "idd61": 6.68,
    "vdd1": 1.5,
    "capacitance": 0.0,
    "ioPower": 4.6,
    "wrOdtPower": 21.2,
    "termRdPower": 15.5,
    "termWrPower": 15.4
  }
}