{
  "memoryId": "SAMSUNG_K4B1G1646E_1Gb_DDR3-1600_16bit",
  "memoryType": "DDR3",
  "memarchitecturespec": {
    "width": 16,
    "nbrOfBanks": 8,
    "nbrOfRanks": 1,
    "nbrOfColumns": 1024,
    "nbrOfRows": 8192,
    "dataRate": 2,
    "burstLength": 8
  },
  "memtimingspec": {
    "clkMhz": 800,
    "RC": 39,
    "RCD": 11,
    "RL": 11,
    "RP": 11,
    "RFC": 88,
    "RAS": 28,
    "WL": 8,
    "AL": 0,
    "DQSCK": 0,
    "RTP": 6,
    "WR": 12,
    "XP": 5,
    "XPDLL": 20,
    "XS": 96,
    "XSDLL": 512,
    "REFI": 6240,
    "CL": 11,
    "FAW": 32,
    "RRD": 6,
    "CCD": 4,
    "WTR": 6,
    "CKE": 4,
    "CKESR": 5
  },
  "mempowerspec": {
    "idd01": 75.0,
    "idd2p0": 10.0,
    "idd2p1": 25.0,
    "idd2n1": 40.0,
    "idd3p0": 40.0,
    "idd3p1": 40.0,
    "idd3n1": 55.0,
    "idd4w": 190.0,
    "idd4r": 180.0,
    "idd51": 170.0,
    "idd61": 10.0,
    "vdd1": 1.5,
    "capacitance": 0.0,
    "ioPower": 4.6,
    "wrOdtPower": 21.2,
    "termRdPower": 15.5,
    "termWrPower": 15.4
  }
}